Channel Name	Channel ID
MIKAN	UCRfxI01xPgzql7ZBS6WlebQ
Carykh	UC9z7EZAbkphEMg0SP7rw44A
Z Arcade	UCXDEYsTblULXrl2Y9wGIKsA
Crazy Marble Race	UCYAOO-SAasNHv6rtUQhyrlQ
Marble Race King	UColoRtbrPiaYh3vBu5u68zw
Bluza	UCX6TGFjY4AbTSvh5wdF9vGQ
Max Marble	UC_rGm7mMNgsL9EZ9gdIF1Ig
Marks Marble Racing	UC_AZXYsNBNIbjGMJy7yBXKA
The Black Cat-Gear	UC63gjc8KBcHnUHgQcHDIQzw
Marks Marble Football	UCS_2tDa-M6AriMkHPqPvlxw
Marble Factory	UCbJe_ATqM7pgmfYg0t7izUA
Carson Jay Marbles	UCw04sQpAEMH9hcE1DdQXFUg
John Dubuc	UCh7yaUSvxtXBlrf3tHfNHRw
Lost Marbles	UCmsLnt5kJRk0OLxecCHgeWQ
Jack Spero	UCqzF8vg0EyV5D13NOV_ptAA
Epic Marble Race
Algodoo sTICKMAN	UCcBbAFjSgcuxt8LGtZ_yH7w
Marble Race Project	UCQsiyHcL-ISxlg2-E9E43hQ
Bouncy Marble	UCX4S3IFN-1gbdaAO36WYwiA
AlgoMarbler	UCZ00yoUXNMOr_RKYhK80AYw
Lunar Marble Race	UC1e8qe-ngTRRwyg6SyxgdvQ
Algorox	UCuyB4TqlCoH3R3So4FjLfag
Mabille Racing	UCY4EWCZ58sZQTYCbLfyguBw
The TEA	UC695dCZj3xbV9YZA47CViHw
PaiNite	UCCyAYG7qA9ebmBeAQ0pJsiQ
Iana1248	UCNYjEWiKA9_IHNxHwcHNSzQ
RAIDEN	UC_YOl6c5SSJMIX4J0LFeknQ
RapterSonic	UCGQIX2dqwwiHHs2Huksfe1Q
THC GAME MOBILE	UCOx0PF2qTRGqvAf2QESqh_A
Weron	UCDnqCF5hziJyZPvpyag0-OA
Erikfassett	UCPekF-pU6KmtZrXMZQFMsRQ
LucidSigma	UC7bLArYH6lJSAuAKHBT_H1w
Smart Marble	UCfsUM_RX7YhUYs4mOh3Kq8g
Minecraft Iron Axe	UC0kdsLBisFJ2gRkRRwkw8cw
Rainbow Gear	UCuWl_HpGmwT3sV5qSUjCTLQ
Kansy Marble Race	UCSqOM3HKmbeo_c052uCou8w
LineHotBall	UCRQrMsgGFkV94CgoJOZliqQ
Cez189	UCzMIobcsyTHLNYUzdN4XU1w
Marble Master	UCUvw3xHerOs5oWTh4DIm81g
Brad's Marble Races	UCDsTURR8BPz2vOCm3niapeA
Marble Race In Algodoo	UCt-QFfQviM3lHw5uxF9JlFw
3tothe7thpower	UC_dmDXOHp3-tzgWO0Xb-WZg
marble marble	UCLf91Pct8NnMoWxNI4OG4rA
Algolab	UCXT6nLaQz3j_NR24hHQ0qTA
seth2rock	UCUkpgb0cOeUea-c4y-kcGog
Yapinians	UCfBA_vX3ka4U9fidwqTuyOw
Just Marble	UCfBA_vX3ka4U9fidwqTuyOw
sc9849	UCkhjJN7psNi_rZeA3IdICwA
Marble Race	UCbLgw4UP7a59rtU2Vz5MefQ
Marble Game	UC31ll9UXZ7NM5Ex29G6X9yg
Brilliance	UC31ll9UXZ7NM5Ex29G6X9yg
Marble Factory 2nd	UCtYDR7ZlqCts6IjmfhjelsQ
Doc671	UC7dTk7z9VcaHiYmUP0ytZcg
Kenlimepie	UCAQ7qfn4QLqYSHLVqpA41Hw
Andrew Stabell	UCuKE_Nc3bEDv8lASuBlVqkw
NMR	UCSXBy_ooZ_VU881VCz9DxWQ
CodeRed	UCKiDHfkK8jhlHN-az0aaSVA
Box	UCvoGun7W29vHAoqhTdgy3Sw
Qualiti
Algodoo Marblez
Joe 7
NotScotish
Cookie racer
HexBlue
AlgoJared
caz37
Zxcvbnm Productions
PenSteel
Crazy RAIDEN
Star Mapping / Racing
Luka
Feramersi 0
Algodoo
Dancingfb18 (ARCHIVE)
David Rycan
G R E E N !
NavyBlueCyanSky	UCPN_VsGRF4F_1VdmZzCLNvA
Algobelt Official
Kerem's Marbles
Bluebalt
Marble Time
Lvii/BlueIce57
RyboTech Marble Races
SuperJ Marble Race
Kuker Enemy
Algotube
the deletion marble
MLM33
TheMarbleousMarbler	UCuqp2n52QwuO-oDhn8JdGLw
Fast Marble Race
Alvoodoo
Hello! Marbles
The Tacolian Warrior
Amy Eastwood
LucCaLgi
Fan Glenn
Symmetric Marble Race
U.S. Races
Stella/AidenHMarioGuy/AHAlgodooGuy
fritz125
YesCoolRo
Xanadu.
K3S3RINrid3r
Binanity
GreenWhite
MapJumpKill
tworollingdice
Marble Racing
ILoveRumania
The Algodood Productions
wait wuuut
Orange Muffin
Sebastianimania
Doc Desk
SuperStick Productions
37 Williamson
MegaWhite
Master Narwhal
ShiningSwarm25
Marble Mania Productions
Gone Marbles
FlorG4l4xy
Jaxolare
RAIDEN's Event Room
Marble Race Forever
Viewer Voting Guy
kicessi
24 MarbleRace
HarrisTsangYT
DraKnight
Snakerats4fun
CrazyBlues
Team Marble
Fernando Chin
Naru_fruit
Macky the Nivkh Enthusiast
Foxrish
Cadez
Burghe
guavacado II
kusheador
Uki TM	UC5tvbhB08CjhB2Ik-QQ73VA
pokpower8/PP8
TanClubstep8205
B Class Marble Race
Sooper Highper
Eaglefern
Alterr.Native
VizorR
Hover
enlighten007
1nder
Prospitia Productions
‡∞°‡∞ø ‡∞°‡∞ø ‡∞°‡∞ø
4 All Tha Marbles
Rainbow Polar Bear
_Mar00n_
SomeoneWho ?	UCo0noVatqDLy03bfJLgE-rQ
TheTinyTerror
tgm (The Grand Marble)
Major League Marble Race
Quin Dex
XHC Racing
Edotty Skylines Productions
Mint's Algicosathlon
Saimiy
Ethan Algicosathlon Channel
Erik the Orange
Legendary Lime
Incredible Marble Race
JmsAlgo3173
CloudInvasion Marble Races
Pedro RQ
Lost My Marbles
Algodoo Scene Collection
Marble Race Central
Red Pen (BFDI)
_Foxy
Alvin [Algodoo]	UCclNOTSSauWSWgYN3zRaYUg
George012
DiamondShard 87
Notsurefire
CyanIce7
The Craftymator
MarblPlatoon
CXY888
Woodsie
Eggyay
Brocolimanx
phungl :D
Illumit‚≠êÔ∏éMarble
Marble Race Planet
Fl4!m!
Kenlimepie Plus
MarcosPerez
Marble race YT
FlameVapour
Zihin Limanƒ± Marble Race
lightshatterz
Algodoodle 2020
BananaBreadGuy
SINE Marble Race
Chyna Mari
Purple Stickman
Jahook
MarbleRacer
harry
Kerem and His Marbles
Fire Racing
Captain Squishy
tùë•elmun„ÉÑ
LilyKatsu "„É™„É™„Ç´„ÉÑ"
BootifulBlaze
Generic Does Stuff
Aemiy217
Eletrco Eletrco III
Oxilogy
jadesmation
Eletrco Eletrco IV
evenObjects
AA00FF
SoczekZeno
Molfar Gaming
MARBLE GAME ALGOBOX 2
Michele Mogavero
Andrew Costello
On Caleb's Mind
EpicElectroAlgodoo
JD Saman
VallenGamer2023
Nichibotsu/Skyan TV
PhongAD	UCCym9mGpiZvm5rQ9ERmME3Q
AdamTheRacer12
CXX425
Algodoo Guard
Mintyminers178
Nuclear Marble Races
JustGlitchy
Researcher Space Token
SamMan575
Marbles of Raven
SamIsAWeirdo
Royal_Marbles
Orange The Marble Racer
Bubble Trouble
Whiteclaw29
Trendy Ruby
NexonAlgodoo
Neontastic!
Blue The Marble Racer
SapphireMoonstone
TBM/The Best. Maybe.
marblERkin
MBdynamo Bostik
Algi Turquoise
ICTOAGU
Algodoo Ball
Cylinder YT
egg
WuigiBaka
Hydrocyanic Acid
Renato Studios
Fabdino
Beanofan
Laser X Marble
GGB 123
Lion Marble Race
Marble Studio
MarbleTube
GhostApple101
ChickenTim850
Epik Boii
Borderlay
Spain Star's marble racing
EerikActive
Speedy Marble
GreenYT
BiscuitBrawn
Oliver mapping
no iq
Grey Cube Rebirthed Ultimate
MARBLE GAME ALGOBOX
Keanu's Marble Racing
TerryYeung MarbleRacing
Beach VR
Shahar Yoad
Hacto
BDS/badrawnstick
Slyptown F
MarbleKing
supernova16
ThuliumPetition
Lelliot
PinkLemonades1326
Algo craft
Wilchz
The Master
honeymask/MrRainbowDoge
Sinan Timuri
Elemental Domino
Kompridi Clips
TheWindowsCollector
Powerdash
NOEnavy83
CIA Marble Race
Marble Venturers
CobaltGuy7629
CATNIMATIONS
8thKingdom
Limey Skyfuzzball
AlexRobin78
strawberrilygolden
Lime+
Ethereal
MarbleMod
Brainless
ImmortalFruit
Alcyone
JOKEA
DBlock
AcedDrift
King of racing
Indigo Illusions
Rocky's Marble Race
Maple Shamrock
Memzziee
Eletrco Eletrco II
Electrical74
EXQ Genius
BodenThomasMattey
AlgoGamer
Paul 007
K's Marbles
The Red Hamster-Cog
Matogamrkd
1unAr-1ighT
Xylazine
Kohansolo
LeonSonic
Budgie
Toxic GD
Colton & Colby
Roysbb
TonKotsu Productions
Yume Flamigiri
YellowDude
MYT Productions
ChargedTurnip55/AlgoMarbler
TropicalTheMarbler29
SStickTTuber77
Ester
Milo Gaming
Microsoft Beale
Tomasticar
KlieydV RedKiller RedCyanBlack
Marvellous Marbles
TroubleDouble
ItsWeirdsAgain
PurpleLavenderMagentaPinkRose
Earthmosphere
Smiley Ramon Happytime
Tim Segar
 ‚ô¢ Topazes Ros√© ‚ô¢
Ricecake Does Stuff
Jovan‚òÜ!
GAMER 123ST
SoulStar
Fire Mapping
LuanAlgodoo
FrenchCarlo
Yariel 64
Algiman
AlgoJacob
Unbeatjj
Nebula [Mateo]
AppleAttemptsAlgodoo
Ultraqua
bambangan78
Algicosathlon Gaming
Baltic's Algodoo
Popcorn
DaFlare
Ege Kurt
SlimeFace
Aleatorio Pictures
Algicosathlon On Algodoo
NCS Marble Race
Lockstep Mj
Apocon The Rap God
Kompridi Marble Racing
Tanniman
Tre Lacy
The Algotriacontathlon Group
BlueSheep Algodoo
AlgoRhythm
TableTitle
EPIC MOOSE87
Kompridi Car Tournaments
NeonGame
GAME TIME GIO
EJGaming
Yugoslavia Countryball
Magenta's Algicosathlon Channel
Intelligent creative physics
Fire&Ice89